ひよこ,ぴよぴよ,time()
ひよこ,ぴよぴよ,time()
ひよこ,ぴよぴよ,time()
ひよこ,ぴよぴよ,time()
ひよこ,ぴよぴよ,time()
ひよこ,ぴよぴよ,time()
chiaki,,time()
chiaki,,time()
test,,time()
watashida,,1413376969
test,,1413457430
test,,1413457563
test,,1413457593
test,,1413457599
hiyoko,piyppiyppiyppiyppiyp,1413458681
pp,piyopiyo,1413459705
pp,piyopiyo,1413460750
tes,test,1413460757
tes,test,1413460821
hiyoko,pipipipipipipi,1413460837
test,tee,1413461149
test,tee,1413461153
tete,tete,1413461201
tete,tete,1413461209
tete,tete,1413461215
tete,tete,1413461285
tete,tete,1413461495
tete,tete,1413461495
tete,tete,1413461580
tete,tete,1413462067
tete,tete,1413462070
test,ttt,1413462101
test,ttt,1413462106
test,ttt,1413462111
test,ttt,1413462117
te,kkkkk,1413462689
t,55,1413462728
t,55,1413462732
